                  epoch,             train/loss,  metrics/accuracy_top1,  metrics/accuracy_top5,               val/loss,                 lr/pg0,                 lr/pg1,                 lr/pg2
                      1,                 2.6793,                   0.82,                0.99184,                 2.7578,              0.0033327,              0.0033327,              0.0033327
                      2,                0.82279,                0.98184,                0.99931,                 2.4735,               0.006644,               0.006644,               0.006644
                      3,                0.50681,                0.99356,                0.99954,                 2.4449,              0.0099333,              0.0099333,              0.0099333
                      4,                0.35507,                0.99805,                      1,                  2.433,               0.009901,               0.009901,               0.009901
                      5,                 0.2587,                0.99966,                      1,                 2.4298,               0.009868,               0.009868,               0.009868
                      6,                0.21874,                0.99943,                      1,                  2.428,               0.009835,               0.009835,               0.009835
                      7,                0.19551,                0.99954,                      1,                 2.4275,               0.009802,               0.009802,               0.009802
                      8,                0.18071,                0.99966,                      1,                 2.4268,               0.009769,               0.009769,               0.009769
