                  epoch,             train/loss,  metrics/accuracy_top1,  metrics/accuracy_top5,               val/loss,                 lr/pg0,                 lr/pg1,                 lr/pg2
                      1,                 1.2143,                0.99109,                0.99989,                 2.4577,              0.0033326,              0.0033326,              0.0033326
                      2,                0.22219,                0.99793,                      1,                 2.4324,              0.0060066,              0.0060066,              0.0060066
                      3,                0.18387,                 0.9992,                      1,                 2.4293,              0.0080213,              0.0080213,              0.0080213
                      4,                0.16243,                0.99966,                      1,                 2.4275,              0.0070329,              0.0070329,              0.0070329
                      5,                0.11125,                0.99954,                      1,                 2.4268,              0.0060439,              0.0060439,              0.0060439
                      6,                0.08769,                0.99994,                      1,                 2.4261,              0.0050548,              0.0050548,              0.0050548
                      7,                0.07449,                0.99989,                      1,                 2.4261,              0.0040658,              0.0040658,              0.0040658
                      8,                0.06343,                0.99989,                      1,                  2.426,              0.0030768,              0.0030768,              0.0030768
                      9,                0.05128,                0.99989,                      1,                 2.4259,              0.0020878,              0.0020878,              0.0020878
