fitness,lr0,lrf,momentum,weight_decay,warmup_epochs,warmup_momentum,box,cls,dfl,hsv_h,hsv_s,hsv_v,degrees,translate,scale,shear,perspective,flipud,fliplr,bgr,mosaic,mixup,copy_paste
0.0,0.01,0.01,0.937,0.0005,3.0,0.8,7.5,0.5,1.5,0.015,0.7,0.4,0.0,0.1,0.5,0.0,0.0,0.0,0.5,0.0,1.0,0.0,0.0
0.0,0.01032,0.00999,0.93092,0.00051,3.0,0.73408,7.41392,0.49219,1.46825,0.01482,0.67877,0.40144,0.0,0.09678,0.48218,0.0,0.0,0.0,0.47092,0.0,0.97326,0.0,0.0
0.0,0.00996,0.00999,0.95144,0.00055,2.74802,0.76528,7.71918,0.49608,1.47921,0.01308,0.61876,0.3096,0.0,0.08683,0.49138,0.0,0.0,0.0,0.47092,0.0,0.91267,0.0,0.0
0.0,0.01034,0.00999,0.91804,0.00053,3.12314,0.74547,7.32185,0.47201,1.32965,0.01482,0.67877,0.4046,0.0,0.09391,0.50369,0.0,0.0,0.0,0.50081,0.0,0.97326,0.0,0.0
0.0,0.01,0.01009,0.937,0.00056,2.71145,0.90725,8.23278,0.50595,1.60049,0.01298,0.71177,0.48182,0.0,0.101,0.5,0.0,0.0,0.0,0.52831,0.0,0.90936,0.0,0.0
0.0,0.00974,0.01206,0.91689,0.00045,2.06472,0.71571,7.13688,0.53631,1.4191,0.01482,0.54707,0.27054,0.0,0.10802,0.48758,0.0,0.0,0.0,0.47092,0.0,0.96351,0.0,0.0
0.0,0.00834,0.00999,0.95959,0.00043,3.28647,0.73408,7.98109,0.50811,1.29927,0.01293,0.73483,0.39226,0.0,0.09678,0.39593,0.0,0.0,0.0,0.53224,0.0,1.0,0.0,0.0
0.0,0.0101,0.01011,0.93309,0.00056,2.63359,0.92121,7.68371,0.49984,1.53854,0.0128,0.71177,0.48024,0.0,0.101,0.5,0.0,0.0,0.0,0.53765,0.0,0.89288,0.0,0.0
0.0,0.01075,0.01049,0.95199,0.00051,2.88237,0.73408,7.41392,0.49219,1.46825,0.01482,0.67877,0.38603,0.0,0.0983,0.47828,0.0,0.0,0.0,0.45953,0.0,0.97326,0.0,0.0
