                  epoch,             train/loss,  metrics/accuracy_top1,  metrics/accuracy_top5,               val/loss,                 lr/pg0,                 lr/pg1,                 lr/pg2
                      1,                 1.1058,                0.99667,                      1,                 2.4474,              0.0033327,              0.0033327,              0.0033327
                      2,                0.19484,                0.99851,                      1,                 2.4302,               0.006534,               0.006534,               0.006534
                      3,                0.18052,                0.99885,                      1,                 2.4288,              0.0096033,              0.0096033,              0.0096033
                      4,                0.17494,                0.99908,                      1,                 2.4274,               0.009406,               0.009406,               0.009406
                      5,                0.13444,                0.99989,                      1,                 2.4261,               0.009208,               0.009208,               0.009208
                      6,                0.11663,                      1,                      1,                  2.426,                0.00901,                0.00901,                0.00901
                      7,                0.11082,                      1,                      1,                 2.4259,               0.008812,               0.008812,               0.008812
                      8,                0.10094,                      1,                      1,                 2.4258,               0.008614,               0.008614,               0.008614
                      9,                0.10115,                      1,                      1,                 2.4258,               0.008416,               0.008416,               0.008416
