                  epoch,             train/loss,  metrics/accuracy_top1,  metrics/accuracy_top5,               val/loss,                 lr/pg0,                 lr/pg1,                 lr/pg2
                      1,                 1.1731,                0.99379,                0.99994,                  2.454,              0.0034848,              0.0034848,              0.0034848
                      2,                 0.2432,                0.99828,                      1,                 2.4315,              0.0062795,              0.0062795,              0.0062795
                      3,                0.20396,                0.99874,                0.99989,                 2.4297,              0.0080176,              0.0080176,              0.0080176
                      4,                0.16291,                0.99914,                      1,                 2.4275,              0.0070264,              0.0070264,              0.0070264
                      5,                0.11989,                0.99977,                      1,                 2.4263,              0.0060352,              0.0060352,              0.0060352
                      6,                0.10301,                0.99994,                      1,                 2.4261,              0.0050441,              0.0050441,              0.0050441
                      7,                0.08526,                0.99983,                      1,                  2.426,              0.0040529,              0.0040529,              0.0040529
                      8,                0.07111,                0.99989,                      1,                  2.426,              0.0030617,              0.0030617,              0.0030617
                      9,                0.06222,                0.99989,                      1,                  2.426,              0.0020705,              0.0020705,              0.0020705
