                  epoch,             train/loss,  metrics/accuracy_top1,  metrics/accuracy_top5,               val/loss,                 lr/pg0,                 lr/pg1,                 lr/pg2
                      1,                 1.1313,                0.99431,                0.99994,                 2.4523,               0.003408,               0.003408,               0.003408
                      2,                0.19994,                0.99753,                      1,                 2.4316,              0.0061423,              0.0061423,              0.0061423
                      3,                0.15897,                0.99902,                      1,                 2.4291,              0.0080209,              0.0080209,              0.0080209
                      4,                0.12785,                0.99954,                      1,                 2.4269,              0.0070313,              0.0070313,              0.0070313
                      5,                0.09418,                0.99977,                      1,                 2.4265,              0.0060417,              0.0060417,              0.0060417
                      6,                0.07824,                0.99994,                      1,                  2.426,              0.0050522,              0.0050522,              0.0050522
                      7,                0.06343,                0.99989,                      1,                  2.426,              0.0040626,              0.0040626,              0.0040626
                      8,                0.05051,                0.99983,                      1,                  2.426,               0.003073,               0.003073,               0.003073
                      9,                0.04656,                0.99989,                      1,                  2.426,              0.0020834,              0.0020834,              0.0020834
