                  epoch,             train/loss,  metrics/accuracy_top1,  metrics/accuracy_top5,               val/loss,                 lr/pg0,                 lr/pg1,                 lr/pg2
                      1,                   1.18,                0.99557,                0.99989,                  2.447,              0.0048865,              0.0048865,              0.0048865
                      2,                0.22856,                0.99718,                0.99994,                 2.4328,              0.0088069,              0.0088069,              0.0088069
                      3,                0.18828,                0.99862,                      1,                 2.4294,              0.0080207,              0.0080207,              0.0080207
                      4,                0.12191,                0.99971,                      1,                 2.4268,               0.007031,               0.007031,               0.007031
                      5,                 0.0969,                0.99994,                      1,                 2.4265,              0.0060414,              0.0060414,              0.0060414
                      6,                0.07673,                0.99983,                      1,                 2.4261,              0.0050518,              0.0050518,              0.0050518
                      7,                0.06849,                0.99989,                      1,                  2.426,              0.0040621,              0.0040621,              0.0040621
                      8,                0.05989,                0.99983,                      1,                  2.426,              0.0030725,              0.0030725,              0.0030725
