                  epoch,             train/loss,  metrics/accuracy_top1,  metrics/accuracy_top5,               val/loss,                 lr/pg0,                 lr/pg1,                 lr/pg2
                      1,                0.71395,                 0.9977,                      1,                 2.4342,               0.003104,               0.003104,               0.003104
                      2,                0.15059,                0.99776,                      1,                 2.4298,              0.0055925,              0.0055925,              0.0055925
                      3,                0.11848,                 0.9996,                      1,                 2.4268,              0.0074647,              0.0074647,              0.0074647
                      4,                0.09421,                      1,                      1,                 2.4262,              0.0070226,              0.0070226,              0.0070226
                      5,                0.07431,                0.99994,                      1,                 2.4259,              0.0060301,              0.0060301,              0.0060301
                      6,                 0.0617,                0.99994,                      1,                  2.426,              0.0050377,              0.0050377,              0.0050377
                      7,                0.05404,                0.99994,                      1,                 2.4259,              0.0040452,              0.0040452,              0.0040452
