                  epoch,             train/loss,  metrics/accuracy_top1,  metrics/accuracy_top5,               val/loss,                 lr/pg0,                 lr/pg1,                 lr/pg2
                      1,                  1.248,                0.99086,                0.99983,                 2.4587,              0.0035485,              0.0035485,              0.0035485
                      2,                0.22276,                0.99891,                      1,                 2.4307,              0.0063965,              0.0063965,              0.0063965
                      3,                0.18854,                 0.9992,                      1,                 2.4288,              0.0080239,              0.0080239,              0.0080239
                      4,                 0.1512,                0.99862,                      1,                 2.4289,              0.0070359,              0.0070359,              0.0070359
                      5,                0.11058,                0.99966,                      1,                 2.4266,              0.0060479,              0.0060479,              0.0060479
                      6,                0.08991,                      1,                      1,                 2.4263,              0.0050599,              0.0050599,              0.0050599
                      7,                0.07322,                0.99994,                      1,                 2.4261,              0.0040718,              0.0040718,              0.0040718
                      8,                0.06155,                0.99983,                      1,                  2.426,              0.0030838,              0.0030838,              0.0030838
                      9,                0.05157,                0.99994,                      1,                 2.4259,              0.0020958,              0.0020958,              0.0020958
